{
    "telemetry.sqmId": "",
    "telemetry.machineId": "04f82086938834970bcd0f26b9067dc93ad95d66d310fc37a2f1c34f335998e4",
    "telemetry.devDeviceId": "f9fcd749-1819-4153-b2c1-06a8352a0fa4",
    "backupWorkspaces": {
        "workspaces": [],
        "folders": [
            {
                "folderUri": "file:///data/data/com.termux/files/home"
            }
        ],
        "emptyWindows": [
            {
                "backupFolder": "1755609211382"
            }
        ]
    },
    "windowControlHeight": 35,
    "profileAssociations": {
        "workspaces": {
            "file:///data/data/com.termux/files/home": "__default__profile__"
        },
        "emptyWindows": {
            "1755609211382": "__default__profile__"
        }
    },
    "windowsState": {
        "lastActiveWindow": {
            "folder": "file:///data/data/com.termux/files/home",
            "backupPath": "/data/data/com.termux/files/home/.config/Code - OSS/Backups/9e938ebcb8f917a9a64bdab53f8bbee6",
            "uiState": {
                "mode": 0,
                "x": 0,
                "y": 42,
                "width": 1440,
                "height": 858
            }
        },
        "openedWindows": []
    },
    "theme": "vs-dark",
    "themeBackground": "#1f1f1f",
    "windowSplash": {
        "zoomLevel": 0,
        "baseTheme": "vs-dark",
        "colorInfo": {
            "foreground": "#cccccc",
            "background": "#1f1f1f",
            "editorBackground": "#1f1f1f",
            "titleBarBackground": "#181818",
            "titleBarBorder": "#2b2b2b",
            "activityBarBackground": "#181818",
            "activityBarBorder": "#2b2b2b",
            "sideBarBackground": "#181818",
            "sideBarBorder": "#2b2b2b",
            "statusBarBackground": "#181818",
            "statusBarBorder": "#2b2b2b",
            "statusBarNoFolderBackground": "#1f1f1f"
        },
        "layoutInfo": {
            "sideBarSide": "left",
            "editorPartMinWidth": 220,
            "titleBarHeight": 35,
            "activityBarWidth": 48,
            "sideBarWidth": 300,
            "auxiliaryBarWidth": 0,
            "statusBarHeight": 22,
            "windowBorder": false
        }
    },
    "windowSplashWorkspaceOverride": {
        "layoutInfo": {
            "sideBarWidth": 300,
            "auxiliaryBarWidth": 300,
            "workspaces": {
                "f60971c54cb61c87c64dd00ec2ef3178": {
                    "sideBarVisible": true,
                    "auxiliaryBarVisible": false
                }
            }
        }
    }
}